Search,Category
freelance web developer,Web Mobile & Software Development
video editing job,Video & Animation
legal advisor,Legal
software engineer,Web Mobile & Software Development
graphic designer freelance,Design & Creative
data analyst freelance,Data Science & Analytics
social media manager,Digital Marketing
translator needed,Writing & Translation
virtual assistant job,Customer Service
marketing consultant,Business
music composer freelance,Music & Audio
fashion designer job,Fashion & Beauty
accounting services,Accounting & Consulting
mobile app developer freelance,Web Mobile & Software Development
writing job,Writing & Translation
customer support specialist,Customer Service
networking engineer freelance,IT & Networking
household cleaning services,Household
food blogger job,Food
transportation services,Transportation (including Uber Services)
digital marketing specialist,Digital Marketing
architecture job,Engineering & Architecture
beauty consultant freelance,Fashion & Beauty
sales representative freelance,Sales & Marketing
admin support services,Admin Support
data entry job,Data
lifestyle coach,Lifestyle
others freelance,Others
freelance graphic designer,Design & Creative
software developer freelance,Web Mobile & Software Development
writing freelance,Writing & Translation
video producer freelance,Video & Animation
legal consultant,Legal
customer service representative,Customer Service
marketing specialist,Digital Marketing
translation services,Translation
virtual assistant freelance,Customer Service
business consultant,Business
music producer freelance,Music & Audio
fashion stylist job,Fashion & Beauty
accounting analyst,Accounting & Consulting
mobile application developer,Web Mobile & Software Development
content writing job,Writing & Translation
customer service agent,Customer Service
network engineer,IT & Networking
housekeeping services,Household
food delivery services,Food
transportation driver,Transportation (including Uber Services)
digital marketer,Digital Marketing
architectural designer,Engineering & Architecture
beauty advisor,Beauty & Fashion
marketing manager,Sales & Marketing
administrative assistant,Admin Support
data analyst,Data Science & Analytics
wellness coach,Lifestyle
freelance photographer,Design & Creative
web developer freelance,Web Mobile & Software Development
translator freelance,Writing & Translation
videographer freelance,Video & Animation
legal assistant,Legal
customer support specialist,Customer Service
social media specialist,Digital Marketing
language translation services,Translation
personal assistant,Customer Service
business analyst,Business
musician freelance,Music & Audio
fashion designer freelance,Fashion & Beauty
accounting services,Accounting & Consulting
mobile app development,Web Mobile & Software Development
content writer,Writing & Translation
call center agent,Customer Service
network support engineer,IT & Networking
house cleaning services,Household
food catering services,Food
transportation logistics,Transportation (including Uber Services)
digital marketing consultant,Digital Marketing
architectural drafter,Engineering & Architecture
beauty salon services,Beauty & Fashion
sales associate,Sales & Marketing
administrative support assistant,Admin Support
data entry clerk,Data
fitness coach,Lifestyle
freelance illustrator,Design & Creative
web designer freelance,Web Mobile & Software Development
translation job,Writing & Translation
video editor freelance,Video & Animation
legal secretary,Legal
customer service manager,Customer Service
social media marketing specialist,Digital Marketing
language services,Translation
executive assistant,Customer Service
business development manager,Business
music producer job,Music & Audio
fashion stylist freelance,Fashion & Beauty
accounting clerk,Accounting & Consulting
mobile app developer job,Web Mobile & Software Development
copywriting job,Writing & Translation
call center representative,Customer Service
network administrator,IT & Networking
housekeeper services,Household
food preparation services,Food
delivery driver job,Transportation (including Uber Services)
online marketing specialist,Digital Marketing
architecture intern,Engineering & Architecture
beauty consultant job,Beauty & Fashion
sales manager,Sales & Marketing
administrative support specialist,Admin Support
data scientist,Data Science & Analytics
health coach,Lifestyle
freelance writer,Writing & Translation
web developer job,Web Mobile & Software Development
translator job,Writing & Translation
video production job,Video & Animation
legal counsel,Legal
customer service supervisor,Customer Service
social media coordinator,Digital Marketing
language translation job,Translation
office assistant,Customer Service
business consultant freelance,Business
music composer job,Music & Audio
fashion stylist job,Fashion & Beauty
accounting manager,Accounting & Consulting
mobile app developer freelance,Web Mobile & Software Development
content writing freelance,Writing & Translation
call center operator,Customer Service
network security engineer,IT & Networking
household manager,Household
food delivery driver,Transportation (including Uber Services)
marketing consultant freelance,Digital Marketing
architectural technician,Engineering & Architecture
beauty therapist,Beauty & Fashion
sales representative job,Sales & Marketing
administrative support coordinator,Admin Support
data entry operator,Data
nutrition coach,Lifestyle
freelance graphic designer,Design & Creative
web developer freelance,Web Mobile & Software Development
